channelID,channel_name,channel_country,ad_percentage
UCfDPpLHN-7_6cctaU8CgPhQ,Навигатор игрового мира,RU,14.31%
UCd4BxCKyMHG2J0X1SerTPaQ,이동형TV,KR,12.95%
UCpdQX3whRd61cgzjBXISFRQ,Dưa Leo,VN,12.92%
UCoOjH8D2XAgjzQlneM2W0EQ,Jake Tran,US,12.66%
UCMNGwNS4yCEsCCyu2soQDrQ,강성범tv,KR,12.23%
UCPT9_sNLoBLjH1uea7zpVIA,This is Хорошо,LV,11.96%
UCtNdVINwfYFTQEEZgMiQ8FA,Bailey Sarian,US,11.78%
UC-uhvujip5deVcEtLxnW8qg,TLDR News Global,GB,11.40%
UCwkm_Wcyh0pc7UUmZZfL-6w,Donut Operator,US,11.30%
UC5UAwBUum7CPN5buc-_N1Fw,The Linux Experiment,US,11.10%
UC-eegKVWEgBCa4OzjnK_PtA,TLDR News EU,GB,10.98%
UC1yNl2E66ZzKApQdRuTQ4tw,Sabine Hossenfelder,DE,10.72%
UCfk5MMR4k6ulPmvvzkGe5kg,Treta News,BR,10.56%
UCfwE_ODI1YTbdjkzuSi1Nag,TheQuartering,US,10.28%
UCjuiVJmqil8VdRen0gh3Ewg,Linhagem Geek,BR,10.28%
UC4Z8mPYjn6Dhr6n531YDh0Q,UFD Tech,US,10.08%
UCw-NeLZsmZL1ZL04TMaPaHA,marazm,RS,10.03%
UC5X4e8ScZI2AFd_vkjSoyoQ,AstronoGeek,FR,9.96%
UCt_4wzTQqmcUvemNkeO0plA,Ei Nerd,BR,9.84%
UC9r9HYFxEQOBXSopFS61ZWg,MeidasTouch,US,9.63%
UCQ1NsRaJAq3wc0KIdRRs5MA,Marvel/DC: Geek Movies,RU,9.49%
UCmGSJVG3mCRXVOP4yZrU1Dw,Johnny Harris,US,9.43%
UCOw9Jzw3p4XzL5Ub5WglJRQ,Алексей Макаренков,RU,9.39%
UCSaVoRErW4kqKsDqExs2MXA,SciOne,FR,9.33%
UCRtsZ5Iak9wSLsQLQ3XOAeA,SciManDan,GB,9.33%
UCCJsQKOKArvDksacfT2ryQw,World Affairs by Unacademy,IN,9.31%
UCY03gpyR__MuJtBpoSyIGnw,Droider,SI,9.29%
UCn5fhcGRrCvrmFibPbT6q1A,Brian Lagerstrom ,US,9.21%
UCeGGpOehPGG7vQMUVc7tG8Q,Saberspark,US,9.15%
UCP5tjEmvPItGyLhmjdwP7Ww,RealLifeLore,US,9.10%
UCLYimOsgmIVf6KNjzXPkUwQ,Gaveta,BR,9.09%
UCSpFnDQr88xCZ80N-X7t0nQ,Corridor Crew,US,8.97%
UC2sgoh6YCrf8df1UMpUciTw,Trixie & Katya,US,8.92%
UCDF_NIAEkcAUvzxe1DUzaQA,Rozetked,RU,8.87%
UCMYdyjyHjKMzltuatKxkudw,Combat Veteran Reacts,US,8.77%
UC9_p50tH3WmMslWRWKnM7dQ,Adam Ragusea,US,8.72%
UCjvF5jsYiuvg9nBIEMchfxQ,Другая История,RU,8.71%
UCu_YquoQYKR3GpP82TO-zRw,memehongkong,HK,8.69%
UCouHAi3jWpC8lAqsoeM_zOA,Regelegorila,FR,8.67%
UCZYTClx2T1of7BRZ86-8fow,SciShow,US,8.67%
UC7bYyWCCCLHDU0ZuNzGNTtg,The Comments Section,US,8.64%
UCpa-Zb0ZcQjTCPP1Dx_1M8Q,LegalEagle,US,8.62%
UCo_IB5145EVNcf8hw1Kku7w,The Game Theorists,US,8.60%
UCUGfDbfRIx51kJGGHIFo8Rw,Максим Кац,IL,8.58%
UCjtUS7-SZTi6pXjUbzGHQCg,Undecided with Matt Ferrell,US,8.51%
UC-2YHgc363EdcusLIBbgxzg,Joe Scott,US,8.49%
UCiH828EtgQjTyNIMH6YiOSw,Channel Awesome,US,8.49%
UCfE5Cz44GlZVyoaYTHJbuZw,Guga Foods,US,8.47%
UC-HrZVR4GI1SNJ8hVRdh50g,4Head,RU,8.33%
UC4V3oCikXeSqYQr0hBMARwg,Breaking Italy,IT,8.33%
UCUFl0SxF14-eZGTxhWuhM8Q,Уголок Акра,KZ,8.31%
UCSMqateX8OA2s1wsOR2EgJA,TLDR News,GB,8.31%
UC84J-P1AEat5jPz7C1vKhsw,Харчевников,RU,8.31%
UCNOFetVSNSHpJJXg_B3YIjw,GSTV,,8.24%
UCL6JmiMXKoXS6bpP1D3bk8g,Donut,US,8.19%
UCKZo4N0lVPccBkSiuyVh4yg,SuperCarlinBrothers,US,8.16%
UCBNHHEoiSF8pcLgqLKVugOw,Marcus House,AU,8.16%
UCWFKCr40YwOZQx8FHU_ZqqQ,JerryRigEverything,US,8.08%
UCtPrkXdtCM5DACLufB9jbsA,MrBallen,US,8.07%
UCVMFDAVQJH2sxmc26PaV2sg,Никитун,RU,8.05%
UC3boa9w_mMa41DJ70sOtRMQ,Artur Rehi,EE,8.04%
UCRlICXvO4XR4HMeEB9JjDlA,Thoughty2,GB,8.04%
UCeeFfhMcJa1kjtfZAGskOCA,TechLinked,CA,8.02%
UC3c8H4Tlnm5M6pXsVMGnmNg,Luke Miani,US,7.93%
UCW4boPDxn1zOFHxwfH3kzKg,Председатель СНТ,KZ,7.91%
UCpDmn2FfVYdPIDwRTcf5-OA,iilluminaughtii,US,7.91%
UCY6Ij8zOds0WJEeqCLOnqOQ,Alex Meyers,US,7.90%
UCGxHORJZesiV5KO1BqlHBVg,Real Pepper,PL,7.84%
UCZ4AMrDcNrfy3X6nsU8-rPg,Economics Explained,US,7.82%
UC4UGTYAV8OSRmqBjYBPFn4w,GioPizzi,IT,7.81%
UCGTKwjs1ctvgwCRa67RNO-Q,HeavyDSparks,US,7.80%
UCaaaaSvd1PeHPeP-lcc9rTw,Morf,RU,7.80%
UCvlj0IzjSnNoduQF0l3VGng,Some More News,US,7.79%
UCz0eRI3XiQ3gzPyuc416AyQ,НЕДОХАКЕРЫ Lite,RU,7.78%
UC4yHMRbOxXJA6DfqXk0Y4Aw,Крупнокалиберный Переполох,RU,7.78%
UCZj_6DMrUPMaQgKIoBOshaA,Столица Мира,US,7.74%
UC-kOXc3gBwksVfmndSEz7jg,WILDCAT,US,7.62%
UCnQC_G5Xsjhp9fEJKuIcrSw,Ben Shapiro,US,7.59%
UC3WziBdrb8ztqlt0n4k9dNw,Summary,EG,7.59%
UCaiVt4r6YLPzJVgr7pOmD6w,Aba N Preach,CA,7.57%
UCtPWcMd_szAQJNDSb2RFdrA,Tweek,RU,7.57%
UC9RM-iSvTu1uPJb8X5yp3EQ,Wendover Productions,US,7.50%
UC0woBco6Dgcxt0h8SwyyOmw,Megaprojects,CZ,7.48%
UChI0q9a-ZcbZh7dAu_-J-hg,Upper Echelon,US,7.47%
UCV6KDgJskWaEckne5aPA0aQ,Graham Stephan,US,7.46%
UCIFk2uvCNcEmZ77g0ESKLcQ,The Why Files,US,7.45%
UC9rIGFYRmb4-Ej_lmeGBFLg,Stackz / Gustavo Pinheiro,BR,7.42%
UCPDGn0QKdACdmYa27Vx8oig,PADLO TOXIT,RU,7.39%
UC8qjk39Hk7i8i7VUNnWVVNQ,EVG,GE,7.39%
UCr4kgAUTFkGIwlWSodg43QA,Michael Knowles,US,7.34%
UCYzxrBQ4YacNcIhCNeaAvFA,Лихой ТопорЪ,BY,7.33%
UCD8IMRw6r8k_mNOCh3i3epw,No Presh Network,US,7.32%
UC4ii4_aeS8iOFzsHuhJTq2w,Poisson Fécond,FR,7.29%
UCxDFRhF3Y1A_Gd0-cF8gbqQ,Hoje no Mundo Militar,BR,7.28%
UCuWhsa1VzH2CB20aBmCmxQw,Иван Зенкевич PRO автомобили,GE,7.24%
UCw_lQ_KhJBX4hAQ6rqbg0Bw,Kentucky Ballistics,US,7.22%
UCYY5GWf7MHFJ6DZeHreoXgw,Brain Blaze,CZ,7.19%
UCCnvz2rVBkQajGUiekDQ3Hg,Yuri The Professional,RU,7.17%
UCBvc7pmUp9wiZIFOXEp1sCg,DemolitionRanch,US,7.14%
UC-ZvduAy0lfI7_UVSecm2ug,Naritsa,RU,7.11%
UCmEClzCBDx-vrt0GuSKBd9g,Jovem Nerd,BR,7.10%
UCPIKvg4P2pRDdmyN1gi9bnA,MovieMaker,,7.10%
UCJm2TgUqtK1_NLBrjNQ1P-w,Second Thought,US,7.07%
UCF3HFytvG3v06FcmHzU221w,NN,RU,7.07%
UC7dHBh9QmYF1L0TOeGIzZgw,Lazy Masquerade,GB,7.06%
UCvixJtaXuNdMPUGdOPcY8Ag,David Pakman Show,US,6.98%
UCFBH3Bdhgh3_cCToEQsUp6Q,Gimper,PL,6.96%
UCDRIjKy6eZOvKtOELtTdeUA,Breaking Points,US,6.95%
UCVeW9qkBjo3zosnqUbG7CFw,John Hammond,US,6.95%
UCbK5Us4E-HsXw6fQ1PYUuog,MW Informática,BR,6.90%
UCGIj-5Yy5hhs8tAbE-hbCIQ,BRIGMAN,KZ,6.89%
UCY0xFFEc7viwKoPAAdZ6U3Q,SonnyK,,6.85%
UCgFP46yVT-GG4o1TgXn-04Q,China Uncensored,US,6.84%
UC7zsxKqd5MicTf4VhS9Y74g,Kurtis Conner,CA,6.82%
UCgKJPhVzv8w0VaZFnS_VmaA,Philion,US,6.81%
UCCPpKYz2F-73OuaMmLUvg1g,АЙДЕН,RU,6.81%
UC64UiPJwM_e9AqAd7RiD7JA,Today I Found Out,US,6.78%
UCHnyfMqiRRG1u-2MsSQLbXA,Veritasium,US,6.77%
UC7yRILFFJ2QZCykymr8LPwA,New Rockstars,US,6.77%
UCkmMACUKpQeIxN9D9ARli1Q,Shadiversity,US,6.74%
UCz_3xlMTVUYYTQqCfh9lD7w,TLDR Daily,GB,6.73%
UCtVmeje9q2T3Adjjw20WzJg,HANSON,,6.73%
UC-lHJZR3Gqxm24_Vd_AJ5Yw,PewDiePie,JP,6.70%
UCXin0u5SrVEBjn5LhOoG97A,Enis Kirazoglu,TR,6.66%
UCpr-NNORb2UQYDD3k-w-OFg,Denys Davydov,CH,6.62%
UCP46_MXP_WG_auH88FnfS1A,Nota Bene,FR,6.62%
UCuQsXgtPrppIkSE7GWjp7HA,JOHAN,GE,6.60%
UCmFeOdJI3IXgTBDzqBLD8qg,Moon,,6.59%
UC42SIHeNRlQLtGKS7YSL1tw,ARTEM WOLF,TH,6.58%
UCWizIdwZdmr43zfxlCktmNw,Alec Steele,GB,6.56%
UCeUJFQ0D9qs6aVNyUt9fkeQ,The Armchair Historian,US,6.54%
UCCOto-kMfW8FA-nRH54F9Dg,Amy Kay ASMR,US,6.54%
UCxkM67T_Iele-mRVUiBkRqg,Jet Lag: The Game,US,6.52%
UCoNfsDH8sZe13u7rSxaEBkw,FrivolousFox ASMR,US,6.50%
UCHH3KHUqDJX_CoRbqLy1zNg,Александр Пушной,RU,6.48%
UCLsiaNUb42gRAP7ewbJ0ecQ,The Command Zone,US,6.42%
UCsK1oV0PGkcZ1UhFtajx0dg,Redroom,RU,6.42%
UCL1rJ0ROIw9V1qFeIN0ZTZQ,Екатерина Шульман,DE,6.41%
UCdEczn3MVkx_4PnMZ10MVFA,Hoovies Garage,,6.41%
UCBw0bL8MtOIl1UX7db2MT3A,The Always Sunny Podcast,,6.40%
UCrC8mOqJQpoB7NuIMKIS6rQ,StudyIQ IAS,IN,6.40%
UCiWXd0nmBjlKROwzMyPV-Nw,志祺七七 X 圖文不符,TW,6.40%
UCIGSeb72lRj7Jxlwt63OmMQ,Мой Компьютер,RU,6.39%
UCRPdsCVuH53rcbTcEkuY4uQ,Moore's Law Is Dead,,6.39%
UCXuqSBlHAE6Xw-yeJA0Tunw,Linus Tech Tips,CA,6.39%
UCTbcSRduRJJTMaQhUVqywRw,Mentour Now!,GB,6.37%
UC-9QiiVaViuqMhLp1XEwdxA,Arlo,US,6.37%
UCE6acMV3m35znLcf0JGNn7Q,Gibi ASMR,US,6.36%
UCFmL725KKPx2URVPvH3Gp8w,ASMR Glow,US,6.35%
UCj_ARBxhCoF5JxUItcEUs7Q,DailyDrivenExotics,CA,6.35%
UCKZozRVHRYsYHGEyNKuhhdA,Think School,IN,6.34%
UCferfyAeOJAjS9GoI4td6gg,Canal PeeWee,BR,6.31%
UCb5TfGtSgvNPVPQawfCFuAw,WBS LEGAL,DE,6.30%
UCh29SdTOPdjBb-n3Vop1lYg,katyakonasova,RU,6.26%
UCBByzLy3MGJT8UMVLYLScNg,Гараж 54,RU,6.26%
UCC9mlCpyisiIpp9YA9xV-QA,Vilebrequin,FR,6.23%
UC6uFoHcr_EEK6DgCS-LeTNA,PRO Hi-Tech,RU,6.20%
UC3ltptWa0xfrDweghW94Acg,Karl Jobst,AU,6.20%
UC2bhfksrCXjguRr10mpkvag,СЛОВО ПАЦАНА,RU,6.16%
UCDaIW2zPRWhzQ9Hj7a0QP1w,Руслан Усачев,AE,6.15%
UCsaGKqPZnGp_7N80hcHySGQ,Tasting History with Max Miller,US,6.15%
UC1Fv5ATgw8RyX4Cj0xGo1WQ,Wazzup,PL,6.15%
UCMmaBzfCCwZ2KqaBJjkj0fw,Kings and Generals,CA,6.15%
UClnDI2sdehVm1zm_LmUHsjQ,Biographics,US,6.14%
UCLlSts9lJLf90vFFNx7le4w,Максим Шелков,RU,6.13%
UCb3cDvWiHwRzQaK81PrISbg,Leeja Miller,US,6.13%
UCz4a7agVFr1TxU-mpAP8hkw,Mohak Mangal,IN,6.11%
UCboMX_UNgaPBsUOIgasn3-Q,Funhaus,,6.10%
UCC-UOdK8-mIjxBQm_ot1T-Q,Cracking The Cryptic,GB,6.10%
UC3nPaf5MeeDTHA2JN7clidg,Bellular News,GB,6.07%
UC6-ymYjG0SU0jUWnWh9ZzEQ,Wisecrack,US,6.07%
UC7-hR5EfgpM6oHfiGDkxfMA,Tolarian Community College,US,6.07%
UClFSU9_bUb4Rc6OYfTt5SPw,Philip DeFranco,US,6.06%
UCfcc8OORrouV1lO_qeIZVNQ,Jimmy Here,US,6.05%
UCfOrKQtC1tDfGf_fFVb8pYw,TronicsFix,US,6.04%
UCr2EXJtFMunvG0CmYE3Tj8A,Асафьев Стас,RU,6.02%
UCTrSsPMmZavLbc3Ex7VhjDg,Brandon Herrera,US,6.02%
UCh8f8vssLddD2PbnU3Ag_Bw,Cleetus McFarland,US,6.01%
UC1CchA0SjApw4T-AYkN7ytg,IGM,RU,5.98%
UCNZRrSsvl_NumVIDAVNQOMA,PollmixaN,RU,5.94%
UCt7sv-NKh44rHAEb-qCCxvA,Wylsacom,RU,5.91%
UCV5mGxp-rtsGDAedDYnp7hA,Off The Ranch,US,5.89%
UC7NdSlaer9fnPwUOPuebLBQ,iling show,RU,5.88%
UCKGMHVipEvuZudhHD05FOYA,Simplicissimus,DE,5.83%
UCSq3p5NKEtyp5Rjd4ctiEbg,Task & Purpose,US,5.81%
UCptwuAv0XQHo1OQUSaO6NHw,Max Tech,US,5.79%
UCk94O116OXhPAOWZM7S2Leg,Ремонтяш,RU,5.78%
UClVF8RcTN3UqAognWFGlJcg,Stephanie Harlowe,US,5.76%
UCz2iUx-Imr6HgDC3zAFpjOw,David Bennett,GB,5.76%
UCWyRlMktpKbfefqBQk8U6Nw,Izzzyzzz,,5.76%
UCoL8olX-259lS1N6QPyP4IQ,Action Retro,US,5.72%
UCE-f0sqi-H7kuLT0YiW9rcA,TheLazyPeon,US,5.71%
UCwdEr_DVvYp6Maf-OTw7z_w,Toasty Bros,US,5.70%
UCj4wNr7wbNnQuf4ELkXxcgw,CombatCrew Live,RU,5.70%
UC5hcH25pD-rgIlQvzErgE7A,oblomoff,RU,5.68%
UC1FvG76TSFV5prFkA_xoaLw,МАШИНАТОРЫ,US,5.68%
UCgMJGv4cQl8-q71AyFeFmtg,ScreenCrush,US,5.66%
UCaTcgqhFqYzhrLQzaibPyeA,Jan Piński,PL,5.64%
UCqWFLuBLPiaeNzYAek6BOmA,Autoalex Cars ,GB,5.63%
UCfV0_wbjG8KJADuZT2ct4SA,Rich Rebuilds,US,5.62%
UCkW08S8kLAhrmV1nRtA77Wg,Fenya,RU,5.61%
UC7SeFWZYFmsm1tqWxfuOTPQ,Count Dankula,GB,5.59%
UCMPaqKDJ0EuR32XXnE__SKw,MoreGames,RS,5.59%
UCEeXA5Tu7n9X5_zkOgGsyww,Vật Vờ Studio,VN,5.58%
UCwKvys5yPdbGrotJHA_B3DQ,Damian Olszewski - Praktycznie o pieniądzach,PL,5.57%
UCyZVCV9xhrCyz4hPehvb4Wg,Internet Today,US,5.56%
UCX3CVO5uiuB9U0aOe20YT1A,Юша Протанки,RU,5.56%
UCEVNTzTFSGkZGTjVE9ipXpg,AcademeG DailyStream,RU,5.55%
UCpTuLPXfIOcsPbvb2SIwD8w,ИМПРОКОМ,RU,5.52%
UCRCWJCFoZUvkkWzIqzfBy6g,Nova Lectio,IT,5.51%
UCwO-UgquohXwoe7f0e6lMnw,Invicta,US,5.51%
UC9SoogoWnlKeUEfvBS4rzrw,Miłośnicy czterech kółek -zrób to sam,PL,5.48%
UCPJHQ5_DLtxZ1gzBvZE99_g,AnthonyPadilla,US,5.48%
UCASM0cgfkJxQ1ICmRilfHLw,Patrick Boyle,US,5.45%
UCJHA_jMfCvEnv-3kRjTCQXw,Babish Culinary Universe,US,5.44%
UCLXl1V6n82Dyg1VhVgSL0nw,Aviões e Músicas,BR,5.43%
UCJSDUfj-LAdQ22iJOACERPg,Мастерская Pit_Stop,RU,5.41%
UClMJgjg2z_IrRm6J9KrhcuQ,Goodnight Moon,,5.39%
UCgVl0UGf1QDXZ5ydEy2qAKw,СЕРЕГА ВСЕЯДНЫЙ,RU,5.36%
UCuSBNuZGdr9OKQSMtpPMEqg,Diletant,RU,5.36%
UCXFxgPppcehs2LoiKhkakQg,SuperCrastan,RU,5.34%
UCkSjy-IOEq-eMtarZl2uH1Q,Mamaefalei,BR,5.32%
UCOxQWb-OuyCSZadzWqrKTCQ,БУЛДЖАТь,RU,5.31%
UCJQQVLyM6wtPleV4wFBK06g,VisualPolitik,ES,5.28%
UCoAEj6XaIzqxQ5C5OUIGcZA,Chuck Review,KZ,5.26%
UCNUu9E0ZZbf53NVkPjTk7sw,Mista GG,US,5.26%
UCvQXaJTjA3jRucTKN4CGiwg,Осторожно: Собчак,RU,5.25%
UC5UYMeKfZbFYnLHzoTJB1xA,Schaffrillas Productions,US,5.25%
UC6DxE5GWRxZKwNdcOzV5hWw,Доктор Грег,RU,5.21%
UCHRXXDaRmrD-l5Q6pSyfTCg,Maras Rofls,BY,5.21%
UCw_09chvmXy_zZJz2Tj2-mg,Recrent,RU,5.20%
UCEf5U1dB5a2e2S-XUlnhxSA,Diolinux,BR,5.19%
UCWcp1Mwm7_bJ-mVoZb8TdkQ,TuberViejuner,ES,5.17%
UCcnmNzv0yEEYPM6Oa86unhQ,Die Autodoktoren - offizieller Kanal,DE,5.17%
UC_gKMJFeCf1bKzZr_fICkig,TheDRZJ,GE,5.16%
UCivi_f1nniBzEOfKhRoN12Q,Grind Hard Plumbing Co,US,5.15%
UCIoQzf1hBYEFuYW5C8eICag,SpecterChannel,RU,5.15%
UCBBU7zUOhR_qShfMV26UUCA,Nux Taku,US,5.15%
UCrfKGpvbEQXcbe68dzXgJuA,Forgotten Weapons,US,5.13%
UCu-__sHtOJpcjKoeJ60LoSA,ЧЕРНЫЙ КАБИНЕТ,IL,5.12%
UC9x0AN7BWHpCDHSm9NiJFJQ,NetworkChuck,US,5.08%
UCEBfCZwWKn4JzCKojL75B-Q,Космос Просто,ME,5.07%
UCtDUJoWBgUaYUeHtMA0LNGg,Murzofix,,5.06%
UC6pnRoVljXKpo5bgkVyQMJg,Максим Горшенин,RU,5.06%
UCd72TnBJrgjj631Ajk2Nf7w,Видео от SoLiD'a,US,5.06%
UCRP4EhX1Op-jL7D87PB3qhQ,808,RU,5.03%
UC_R99mJdkzksbgeedOyLbKw,Ici Japon Corp.,JP,4.99%
UCyjf5CxCNEc9ALYlalBiKDQ,MrGEO,RU,4.94%
UCYGjxo5ifuhnmvhPvCc3DJQ,Wankil Studio - Laink et Terracid,FR,4.92%
UCrd7UM5OBtB0n1zl41qwCUw,EugeneSagaz,RU,4.91%
UCBXPTYli_MdWNaMt3fsvl4w,Ryan Sickler,US,4.91%
UCq6VFHwMzcMXbuKyG7SQYIg,penguinz0,,4.90%
UCMiJRAwDNSNzuYeN2uWa0pA,Mrwhosetheboss,GB,4.89%
UCCYX4s1DCn51Hpf1peHS30Q,Cinema Therapy,US,4.88%
UCrq3JYirgV-BLluzTF6X_7A,STRANGE ÆONS,CA,4.87%
UC3cpN6gcJQqcCM6mxRUo_dA,Wendigoon,,4.87%
UCXGgrKt94gR6lmN4aN3mYTg,Austin Evans,US,4.86%
UCdb_kR-eluM3kScsoYRar5Q,Виктор Блуд,RU,4.85%
UCZ7AeeVbyslLM_8-nVy2B8Q,Skill Up,AU,4.83%
UC4woSp8ITBoYDmjkukhEhxg,The Tim Dillon Show,US,4.82%
UC9XJvt8OT-9_8QHDBdqocaw,Жекич Дубровский,RU,4.81%
UCzLoa-ev_ELyTxzYQeA5k6w,FourStarBento,US,4.81%
UC4gD0czpXVv_LpADTSU624g,Clownfish TV,US,4.81%
UC5tigjL4SYA_nWP-E8-eiBw,Trash Tuesday,US,4.80%
UCvcRA2Hva1lULVf4GCouH8w,Dawid Does Tech Stuff,CA,4.80%
UCN04AE2yY26Rw-912kgQftA,Самый сахар,KZ,4.79%
UC0RBTQIYLEQbcahZWkmzeTQ,Garand Thumb,US,4.79%
UC4Nux1jbudhSm3OTnJ4gocg,Bulkin Drive,RU,4.78%
UC6sac4Q3AuQUGoUpnzd10bA,Eure Videos Fahrnünftig,DE,4.78%
UCqfANd8RDXTcQddXMwwgUmA,Louis-San,FR,4.77%
UCKqH_9mk1waLgBiL2vT5b9g,VanossGaming,US,4.76%
UCzJTDiINSmjKQtGgPCwqItg,Lock Gamer Hardware,BR,4.75%
UCwipTluVS2mjuhPtx2WU7eQ,Дима Масленников  ,US,4.73%
UCfNrBzcNw_7ymcDi1CK_C8w,Aleksey Durnev,UA,4.72%
UCwrNkeWwahveYd-osLhATMQ,HitOk,RU,4.71%
UClu2e7S8atp6tG2galK9hgg,BdoubleO100,US,4.70%
UCvZe6ZCbF9xgbbbdkiodPKQ,Baumgartner Restoration,US,4.69%
UCp3yVOm6A55nx65STpm3tXQ,Craft Computing,US,4.69%
UC32velEjgFxI08yXZOD22dg,Zёбра,KZ,4.69%
UCtr7L6AnC8yFk72_tdPWukA,Ваганыч,,4.67%
UC4sEmXUuWIFlxRIFBRV6VXQ,The History Guy: History Deserves to Be Remembered,US,4.66%
UCLKB9g1374gcxezJINOLtag,РАЙЗ,RU,4.65%
UC2q4mHrzoR48mwSuAYtVPtQ,Александр Панчин,RU,4.64%
UC7QBeubzVIOqFjUjd_gNEBQ,Danielle Kirsty,GB,4.63%
UC0lT9K8Wfuc1KPqm6YjRf1A,AcademeG,RU,4.62%
UCkbSaWqttPHTS00K0fjniTQ,Все Работы Хороши,,4.61%
UCFl1mGlf5j0Qno1Kxnyv6FA,Skill Capped Challenger LoL Guides,US,4.60%
UC6hR6KtxdA_6H_cE1HQlIbg,Stéphane Edouard,FR,4.57%
UCtMVHI3AJD4Qk4hcbZnI9ZQ,SomeOrdinaryGamers,CA,4.56%
UCq3hT5JPPKy87JGbDls_5BQ,Heavy Spoilers,US,4.56%
UCO01ytfzgXYy4glnPJm4PPQ,Matt Walsh,US,4.55%
UCYF1kiTFCcYPqGTqXKt3JJg,Papa Meat,US,4.54%
UCXIYLgIp6DYZHjmUUUXErmg,Adam LZ,US,4.54%
UC2IYWWifoIht9T47z1Z5lJw,Dead Meat,US,4.52%
UCdBK94H6oZT2Q7l0-b0xmMg,ShortCircuit,CA,4.51%
UCuDaxQeedz9-TuMOU1tJ_pg,JoinTheSystemm,GE,4.51%
UCrz4Io1bYWfW8cJW8cxlhoQ,ASATA “BORODA” channel,RU,4.50%
UCqdcfoz9hDXCXbJDaklkwjQ,Bricky,US,4.49%
UC7TkMpfCCRwhi8vbTCAOw-A,Quantum Games,RU,4.49%
UCwPzq5yQwczLmivBX8zq7Mw,The Люди,RU,4.49%
UCIOE_IzglfnHyaOYbvpJxjA,Nerd Explains,US,4.49%
UCBJycsmduvYEL83R_U4JriQ,Marques Brownlee,US,4.48%
UChc-m3saf8K2oJHDSsnsj_A,Elvis The Alien,US,4.46%
UCNGbPFX8UOm7qk6kvnHKr0w,Andrew Santino,US,4.44%
UCRBpynZV0b7ww2XMCfC17qg,Bad Friends,US,4.44%
UCsE_m2z1NrvF2ImeNWh84mw,Active Self Protection,US,4.44%
UCWAIvx2yYLK_xTYD4F2mUNw,Живой Гвоздь,RU,4.43%
UCRQPJnq3IFviqmIxb9_5FaQ,Файб,RU,4.43%
UC3cJiUuZlpF-pkzqvSskTpg,Stand-Up Club #1,RU,4.41%
UC2hsvTzqdjsGOUnM-Ilai6Q,Combat Crew,RU,4.40%
UCYzkb8WCMF0av77kjC6DCXw,Покашеварим,RU,4.39%
UCrMU71nSWHAmpb1-3wEtW8g,Lena Kuka crew,RU,4.38%
UC-CSyyi47VX1lD9zyeABW3w,Dhruv Rathee,DE,4.38%
UCDK9qD5DAQML-pzrtA7A4oA,OfflineTV,US,4.37%
UCUPS_F0o4TrsRE9UxeKSTrg,Новак,RU,4.36%
UCfFkXO1Tfk6Je9O5h-dvLoA,Dizoff,RU,4.33%
UCR1HSvPGgweMlKoHRkSkwjw,notebook-31,RU,4.32%
UCJby9NAb3ek5gzqZ8SOl_3w,Camomo_10,AU,4.32%
UCeVpI1jEdMUfboWOtl_Bq6g,Iconoclaste,FR,4.32%
UC4RkUl120K4nct7dYrk19_A,KAROL MODZELEWSKI - kanał oficjalny,PL,4.31%
UCTTzMDoVCbaX6K1CwKsRJsQ,Good Times Bad Times Polska,PL,4.31%
UCsvsmFQ8eFRx5v6cdmuYBsg,Restart,US,4.31%
UCJw11lDaHLt0pKiqQ3JbNBA,JGeek,RU,4.29%
UCnfR9C-3Oxt7jl6Q-JNDd4g,Люди PRO,TH,4.29%
UC7p0GCM88wBsrlv5n5eeCHw,ШАСТУН,RU,4.29%
UC3M7l8ved_rYQ45AVzS0RGA,The Jimmy Dore Show,US,4.28%
UCI36d5Lz-hQFD9MAIM8YzZQ,Кино Огонь,RU,4.27%
UC9ctsJZ2aD1nCexfqj342NQ,Better Bachelor,US,4.26%
UCg4vDcovXPJTcTcYxQ9iCrw,wavywebsurf,US,4.26%
UCBs2Y3i14e1NWQxOGliatmg,Mother's Basement,,4.25%
UCj2QqbeCUZ82JMk492iGUQg,KINOKOS,KZ,4.25%
UC4PooiX37Pld1T8J5SYT-SQ,Good Mythical Morning,US,4.23%
UCMFmrcGuFNu_59L0pHcR0OA,Now You Know,US,4.20%
UCNUzWfHUP_iXZ1GMHz8gBgw,ryukahr,US,4.20%
UCtBveJI6Ff3U2s12sOxa4wg,Steve-O's Wild Ride! - Podcast,,4.20%
UC101o-vQ2iOj9vr00JUlyKw,varlamov,NL,4.19%
UCWjdx0j_RcoCSBzvlrlvAqQ,Mobiltelefon.ru,RU,4.18%
UC1HvN9oAYMeD5ns3tHXTzig,Lovilosa,RU,4.17%
UCda3Vfc9RIx9vrahgVaAWBw,Трич Тв,BY,4.17%
UCR7uLtPuXsDpN8N6ocFQyeg,Konopskyy,PL,4.14%
UC1pAUT1bL7fV9VBp3A6F8FQ,GEMAPLYS,BR,4.12%
UCYulscWJwKgs35FTF9FaNlw,Дмитрий Машков,RU,4.10%
UCerK03vbFNIDc8ABS87gHzw,ЛЕСНЫЕ,US,4.10%
UCvAhDxNNUDhi78tMXVGBUaQ,Tavarish,US,4.07%
UCdubelOloxR3wzwJG9x8YqQ,Телеканал Дождь,NL,4.06%
UC6C1dyHHOMVIBAze8dWfqCw,GameStar,DE,4.06%
UC7WDD6yHgzdqijHluCi1z-Q,The Act Man,US,4.05%
UCgQ1CeGtjCbkvslmG3zTAFA,ILYA STREKAL,US,4.03%
UC7xAi2uRaJuba47-a6Wawyg,NEPROVOKATOR,RU,4.03%
UCzzLIhDbFYU46T4VFBz_m_g,Actual Justice Warrior,US,4.00%
UCIupfj3rki6dfjQqFKbXzMA,Cut The Crap,RU,4.00%
UCcLYOTz3ct6_lk9iLToxxAw,Mat Armstrong,GB,3.99%
UCSE_JyJeiJQvg3RCnSD272Q,SmugAlana,US,3.98%
UCfcQPMZg4tNk6tKUTHbAr0g,How To Beat,US,3.97%
UCqPgsbcoU1jlvSj7U7DHLrg,Джо Шизо,RU,3.97%
UCgvqvBoSHB1ctlyyhoHrGwQ,Amixem,FR,3.96%
UCPPc2PdtA7gCMbjYp_i_TKA,SuperMega,US,3.95%
UC6JRrn_7Qe1CZBcQDMieadw,ExileShow,RU,3.93%
UCiHwDqiw6-2dpSJEXkaCi9Q,Amanda the Jedi,CA,3.93%
UC5tj5QCpJKIl-KIa4Gib5Xw,Michael Malice,US,3.92%
UC7Jwj9fkrf1adN4fMmTkpug,DankPods,AU,3.92%
UCwpHKudUkP5tNgmMdexB3ow,Mentour Pilot,GB,3.91%
UCQeRaTukNYft1_6AZPACnog,Asmongold TV  ,US,3.90%
UCvbHR1AuYOnJTAO2SJGVDgA,Meeponegeroi,RU,3.90%
UCS-WzPVpAAli-1IfEG2lN8A,Michael MJD,US,3.88%
UC36xmz34q02JYaZYKrMwXng,Nate Gentile,ES,3.88%
UCIyIoM_Nd8HtY19fuR_ov2A,TigerBelly,US,3.85%
UC_HF-dqn4lCs4fEA4GB210g,Swell Entertainment,US,3.85%
UCTUjwDljDdBVAVpJ6H3B7zw,ГАБАР,RU,3.84%
UCxSzYgfxKXjVIVVCbz7jmKA,Katarhont,RU,3.84%
UCIRUwCVq0JcjCkWcayrzLtw,CS GO NEWS,RU,3.83%
UCa2oFpjziUQIImcpkrflwDw,SodaEffect,RU,3.82%
UChg9P8du8Ykqy6MbMK5jpzQ,Rob Dahm,US,3.81%
UCYAg4bYdyqENxEyHUX7t1FA,der8auer,DE,3.81%
UCUKozrdkGiiw_MkUSjqssGQ,Культас ЖИВЬЕМ,RU,3.80%
UCUzkWdUCkVrkKCcmut9epTQ,DeadP47,GE,3.79%
UClmv858NOZjiVfuZMTFWC8w,Povagowani,PL,3.78%
UCcAd5Np7fO8SeejB1FVKcYw,Best Ever Food Review Show,US,3.78%
UCS87-wYrvmexsLkBj0jhrnQ,Junkyard Digs,US,3.78%
UCz0HITWbcUYEHi3TZXTyFrw,CLR Bruce Rivers,US,3.78%
UCIyLQ6cL0eWj1jT6oyy148w,Клим Жуков,RU,3.77%
UCsgv2QHkT2ljEixyulzOnUQ,AngryJoeShow,,3.77%
UCPx-ixHortODclRJlD8Fmgw,Master Play,LV,3.76%
UCiZnK4X73okItJqaCs2YDOQ,Car Maniac,DE,3.76%
UCYIgiXwJck_Pb5Nj-wIrsqg,YMH Studios,US,3.74%
UCL_BZpt0J9Kqwy6YPWr30ow,Mav,US,3.73%
UCUhFaUpnq31m6TNX2VKVSVA,carwow,GB,3.72%
UC7mFtKMM819ZeYiwgbUyy0g,Мастерская Синдиката,RU,3.71%
UC4sf8XtH_uXnwNP699luQVQ,TMG Studios,,3.70%
UC7edjYPNhTm5LYJMT7UMt0Q,The Podcast of the Lotus Eaters,GB,3.68%
UC93GxHXgjjvVd6Z-nULOdXQ,Yardrey,RU,3.68%
UCcem9I78ybZLHLRUlkUO3sw,The Proper People,US,3.68%
UCp1tsmksyf6TgKFMdt8-05Q,The Casual Criminalist,CZ,3.68%
UC1eFXmJNkjITxPFWTy6RsWg,Редакция,RU,3.65%
UCYNnan17iy3i6pzudH6CG7g,Embro - Paradox Games,RU,3.65%
UCyH0FSkvKZnDCEMTqUe0sxA,Lych,KZ,3.65%
UC-kM5kL9CgjN9s9pim089gg,Adam Conover,US,3.64%
UCOUIsSGwrFY52YctxX0gmEg,The Reviewer,VN,3.62%
UC6eWCld0KwmyHFbAqK3V-Rw,Koyori ch. 博衣こより - holoX -,JP,3.61%
UCBODyKF0JMbUd6D9Bklyzbw,Alpharad,US,3.60%
UCT-2OPZT6P8j4nEKW3DXpOA,LegitStreetCars,US,3.60%
UCvWWf-LYjaujE50iYai8WgQ,Paul's Hardware,US,3.60%
UCtWY35eYO7jI9LnCRJxBGRQ,Bulkin,RU,3.59%
UCgpSieplNxXxLXYAzJLLpng,Майкл Наки,LT,3.59%
UCrPseYLGpNygVi34QpGNqpA,Ludwig,US,3.57%
UCq7JZ8ATgQWeu6sDM1czjhg,StopGame,RU,3.56%
UCGNIf8qTK5lgwp0yysGKc7g,Дмитрий Череватенко,RU,3.52%
UC7wgf7YAEMvh7-BStvlBZEg,КИНОКРИТИКА,,3.52%
UC8LJZNHnqXKg5TMgyvxszPA,Budda. TV,,3.51%
UCASIbOoXZ9tywU_23HnHfEg,Edvard Wolf,RU,3.50%
UCyTXjkYDt1t3lH1UErSILvw,GUZNO,RU,3.50%
UCTzLRZUgelatKZ4nyIKcAbg,Hardware Canucks,CA,3.50%
UCIveFvW-ARp_B_RckhweNJw,StevenCrowder,US,3.49%
UCQHX6ViZmPsWiYSFAyS0a3Q,GothamChess,US,3.49%
UCI8iQa1hv7oV_Z8D35vVuSg,Hardware Unboxed,AU,3.49%
UCKJR3vviTtxlwlo4nzZ0M0w,Custom Truck,BY,3.48%
UCWedHS9qKebauVIK2J7383g,Underscore_,FR,3.48%
UCiFPh9V3Tkhqj6pvk2oK_sg,DeaDem,RU,3.47%
UCorikuuyFz1dZLo3N9nHc4w,Blarg,CA,3.46%
UCIjuLiLHdFxYtFmWlbTGQRQ,Peter Schiff,PR,3.45%
UCVNpi8gEL8ResnPO7pytQYA,Полигон-98,RU,3.45%
UCz8K1occVvDTYDfFo7N5EZw,Law&Crime Network,US,3.45%
UChIs72whgZI9w6d6FhwGGHA,Gamers Nexus,US,3.44%
UC14OarNMc15ZxzlDziVShXg,Kaluch,PL,3.43%
UCfyehHM_eo4g5JUyWmms2LA,Sorted Food,GB,3.42%
UCClgnrIfArlWVWvaPc7KF7w,Асафьев. Жизнь,RU,3.42%
UCaPOHjHoCbbnxZLHu9wgRRw,AreYouGarbage? Comedy Podcast,US,3.42%
UC6cTDJ9i82Fj1NDLskGlBxg,Allaster,RU,3.41%
UCDPK_MTu3uTUFJXRVcTJcEw,Mcfly et Carlito,FR,3.40%
UCRWskElXZvb3q0W5JopPTnQ,Historia bez cenzury,PL,3.40%
UCAQHQEO4QpI5dXtr3vLoFCg,The Detail Geek,CA,3.37%
UCWeg2Pkate69NFdBeuRFTAw,SQUEEZIE,FR,3.37%
UCE1QIfI8FV152bn1kN34gyQ,PoleznyiBes,KZ,3.37%
UCmbkRUS_4Efdt5UIhwNqtcw,Greg Salazar,US,3.36%
UCs8lYkna2S6DkcHO9o2008A,Roanoke Gaming,US,3.36%
UCTF0ldaORTbCfx2ahvFfYWg,Phê Game,VN,3.35%
UC_mPBfl442yiubiPyswqulA,Владимир Чайкин,LV,3.34%
UC6Mjg5R5QOJYjrio1JmP8Fg,oompaville,US,3.31%
UCsC--WvN66vZlDoYShzn4sA,Oxhorn,US,3.31%
UCM7-8EfoIv0T9cCI4FhHbKQ,Алексей Шевцов,UA,3.30%
UCiDJtJKMICpb9B1qf7qjEOA,Adam Savage’s Tested,US,3.28%
UCc1lGoEVffJmXTrtd6GCn_A,Супер Сус,UA,3.28%
UCeevOkOum6Oj44lVZQdzaCg,FlygonHG,US,3.27%
UClHVl2N3jPEbkNJVx-ItQIQ,HealthyGamerGG,US,3.27%
UC76cjucD-jhzn3z6vVpY1wQ,Боярова Юля,KZ,3.26%
UCOFafpmI_dt8SxisbKniN4A,Mesut Çevik,TR,3.20%
UCZFipeZtQM5CKUjx6grh54g,Isaac Arthur,US,3.17%
UCAvrIl6ltV8MdJo3mV4Nl4Q,MrLololoshka (Роман Фильченков),US,3.17%
UC9diVCDUnRAB3buT1vLn4-w,FROST,RU,3.17%
UCPD_bxCRGpmmeQcbe2kpPaA,First We Feast,,3.15%
UCAnzaHhB0ONtwDkYdc3MFCw,Linkus7,,3.14%
UCqzgQIvvti_uZMoBxmxaihw,Михеев и Павлов,RU,3.11%
UC5Dw9TFdbPJoTDMSiJdIQTA,Whatifalthist,US,3.11%
UCnJutVTtn3ZXyapoGUmuRTA,SoupRS,US,3.09%
UC6rAAGWWDTSKdQIof5DslpQ,Подборки ДТП и Аварии Russian Crash channel,RU,3.08%
UCJjSDX-jUChzOEyok9XYRJQ,Jubilee,US,3.08%
UCLdZkn3Naxd-94aZrWY0zGQ,WoW - Wolski o Wojnie ,PL,3.06%
UC7oPkqeHTwuOZ5CZ-R9f-6w,Triggernometry,GB,3.06%
UCkWQ0gDrqOCarmUKmppD7GQ,JayzTwoCents,US,3.05%
UCyJfHnEgLnvrjQcPsR3UVeQ,Peperaio Hardware,BR,3.03%
UCwdVOry0oNF9WIe_3uCfz9Q,Matt's Off Road Recovery,US,3.03%
UCT6QFE3peNry9PdO5uGj96g,Kinda Funny Games,US,3.03%
UCG749Dj4V2fKa143f8sE60Q,Tim Pool,US,3.03%
UCdn5BQ06XqgXoAxIhbqw5Rg,フブキCh。白上フブキ,JP,3.00%
UCH-_hzb2ILSCo9ftVSnrCIQ,The Yogscast,GB,2.98%
UCsqjHFMB_JYTaEnf_vmTNqg,Doug DeMuro,US,2.97%
UCUllb83Lugbka-rvF6Nutxg,KREOSAN ,US,2.96%
UCEfe80CP2cs1eLRNQazffZw,Dave Smith,US,2.94%
UCfQgsKhHjSyRLOp9mnffqVg,Renaissance Periodization,US,2.94%
UCZRc1nFfH2FmGd2feIBlPOQ,Независимый Эксперт,RU,2.94%
UC2tsySbe9TNrI-xh2lximHA,A4,US,2.92%
UCWG86L4tau8SZ4jRqiVco5g,Чердак,US,2.88%
UCHwE8LkjTPtBkqsKmAtXSmg,LenS,RU,2.88%
UCnMi24EZ0Lc52yoi5nvMcvA,сачелька,RU,2.80%
UClxgKTFDjv90AQ_MYWiB1PA,Ancient Gameplays,PT,2.80%
UC4e_XPBiiIO4fo4_CucxQeg,IXBT Games,TR,2.77%
UCQVtD_N4OeD-9PshBq7NwyQ,ФЕЙГИН LIVE,US,2.75%
UCocvwThNlcQ8pdRFnXgpGbw,chistobzden,US,2.73%
UC1ppJCQhKVPm7INQcy7OWlA,Нарратор,RU,2.72%
UCWu-IOxbeSD-MRM2Q87ZF0A,Think Before You Sleep,US,2.69%
UCKucg78eVWN8ud_6dF-9D5w,Professional Supreme,RU,2.66%
UC3GHsIMD-Jw7FNVmbhKZdIw,Ivan Puopolo,FI,2.66%
UCuyRsHZILrU7ZDIAbGASHdA,ThePrint,IN,2.66%
UCByOkBSMkZaUOB2xI0R9Hlg,sereGGa,RU,2.59%
UCmNDf2w5wy9m61bq7IqmWZg,Цифровая история,RU,2.58%
UCeP4Yv3s4RvS0-6d9OInRMw,Real Civil Engineer,GB,2.54%
UCf31Gf5nCU8J6eUlr7QSU0w,Marmok,RU,2.52%
UCEcrRXW3oEYfUctetZTAWLw,WVFRM Podcast,US,2.52%
UCCo6EC0MOfJSnHbD3LI6iFA,spoonkid2,US,2.51%
UCkUFua6WbuKcmMDrcxRpH7A,Дюшес,,2.50%
UCLizDDpxiFRoqTLlMyGX7lQ,Joe Speen,RU,2.49%
UCUUTFTtJaa8NNnPbcg_B1EA,23 Media,FI,2.47%
UCLe_q9axMaeTbjN0hy1Z9xA,Caleb Hammer,US,2.46%
UCYzPXprvl5Y-Sf0g4vX-m6g,jacksepticeye,IE,2.45%
UCg-_lYeV8hBnDSay7nmphUA,Sampson Boat Co,,2.44%
UC_i7bpBwnPW1wlPQ5En81Lw,Fredj Rofls,,2.42%
UCb6mvPVS9hxJESNROQTnV4Q,Anton Vlasov,RU,2.42%
UCnDgIiMU3CyNHGP9wlLbgqw,LABELSMART,RU,2.39%
UCc-0YpRpqgA5lPTpSQ5uo-Q,Audit the Audit,US,2.39%
UCnQBjLBbZ6TXMwM_D_iaXjQ,Юрий Хованский,RU,2.36%
UCXEsHh2duNWSsX6K9WbmfIg,ПРИЯТНЫЙ ИЛЬДАР,BY,2.33%
UCTyA1ortyWPc1uLF5cbzluA,Mad Highlights,RU,2.32%
UCpi8TJfiA4lKGkaXs__YdBA,The Try Guys,US,2.32%
UCkxctb0jr8vwa4Do6c6su0Q,LetsPlay,US,2.31%
UC17ak86Mh6FsZjd5zNIdT1Q,Нарезной Пакет,,2.31%
UCYJPby9DRCteedh5tfxVbrw,Smosh Pit,US,2.27%
UCXNG9C7Kyusq5ir2XZ-qFdg,YOUNG MULTI LIVE,PL,2.26%
UCSyAFJ6cmgYabA0RfPCNuzA,Fritz Meinecke,DE,2.23%
UCC3ehuUksTyQ7bbjGntmx3Q,Perun,AU,2.21%
UCab_Ssb8ce_-XF7hMA2Yyyg,MURK POWER,RU,2.21%
UCo0U1tbk3YbqiLDhkeWOviQ,Bob Lennon,,2.21%
UC9Tn-atYOt8qZP-oqui7bhw,Tech YES City,AU,2.20%
UCueyCLPsCxjk1ZwtAmu6Gvw,Testing Games,,2.19%
UCzH3iADRIq1IJlIXjfNgTpA,Rooster Teeth,US,2.19%
UC9CuvdOVfMPvKCiwdGKL3cQ,GameGrumps,US,2.12%
UClj2hzTR0gl9VfZ9V6CM3kw,Staiy,CH,2.11%
UCHJUP0eG8AiejFG_xkJGbRA,KorbenDallas Топ Стрелок,RU,2.11%
UCT3-jVASfcjZvzCbUglMObA,7 vs. Wild,DE,2.10%
UCIpwPuJsrboNnf200oV8cWQ,Fleccas Talks,US,2.10%
UCmHGpQwJDW9KEuAkhJbzAHA,arteans,US,2.09%
UCF5RrlbsxJjAVLWgOCoNHMg,Bushy,US,2.09%
UCkwBmrgwtoaaXZSilir6qsg,JayEmm on Cars,GB,2.08%
UC1LpsuAUaKoMzzJSEt5WImw,Asianometry,US,2.07%
UCmRe_hOfMppsUfoW1_b3Eiw,Sorta Stupid,US,2.05%
UCeKCxQDv6lWDSzuqUXGtMRA,МИНАЕВ LIVE,RU,2.04%
UCCKkuXux09y-TCg-BQxCjNA,Code Blue Cam,US,2.03%
UC7_YxT-KID8kRbqZo7MyscQ,Markiplier,US,2.00%
UCh2rDh7vXGeoh1LlzL3QEwg,Growling Sidewinder,,2.00%
UCpyAdtk_zvBmIjkqaQjA_DA,Дневник Сереги Пирата,RU,1.97%
UC8WAaaW2FnctRI9coYJoUdA,City Planner Plays,US,1.97%
UCPr3T20IPZ03gU9gZ2BwM5g,The Click,SE,1.95%
UCn35dVa5DJ1jVSWKwZpgrGw,Аналитика Ошибок,,1.93%
UCEkJ9m4N8y6RpMszW9FrrDg,TK Clips,RU,1.93%
UC4HCh2xl_d5MNNbcPe6hrfg,Майни,UA,1.93%
UC7JrAnhYH_u62Sn7ZYdnMrA,speedzone.hu,HU,1.92%
UCoTIpyf8_RGzJ1LPTmvadaA,CENTRAL,BR,1.91%
UCdKuE7a2QZeHPhDntXVZ91w,Kuplinov ► Play,,1.91%
UCPX0gLduKAfgr-HJENa7CFw,Renato Cariani,BR,1.90%
UChY9Cgv-iyPDvf1Bkyx20OQ,My Mate VINCE,GB,1.90%
UCqCLRG4_zynXOEPU6N5POkw,Woohoojin,,1.90%
UCEJ28Q8fpjyjsqpISMwvrvg,SebbyK,GB,1.86%
UC6S1hSjVMFbB9WKv-qZKwuw,Юлик,RU,1.86%
UCiYpKsB66LZsk7s4yhxJqlQ,SimpleFlips,US,1.85%
UC-ihxmkocezGSm9JcKg1rfw,OperatorDrewski,US,1.84%
UC8q23MpiyWjv9vd4r85oj1A,Daniel Rakowiecki,PL,1.83%
UC9UuhGl8ilss3XvRll4YEWw,БРИГАДА ТВИЧА,RU,1.82%
UCaKbbb4JH9Jk4o1bz4ehdzA,Скрипач.mp4,RU,1.82%
UCzOfLNkiScJp3U_h_QlvHHg,Willjum,GB,1.80%
UCbu2SsF-Or3Rsn3NxqODImw,GameSpot,,1.80%
UCBB0oz7Yo_35gnbPYGKGJTA,Diesel Creek,US,1.78%
UClhEl4bMD8_escGCCTmRAYg,Kanał Zero,PL,1.76%
UCQ1xVJRO5nJAqNGHnsa47bg,Patryk Mikiciuk,PL,1.76%
UC-UZjHl2kZ-6XKBLgbFgGAQ,CovertGoBlue,US,1.72%
UCVRZKu68-4tQIk7_3CJ_wKA,Out of Spec Reviews,US,1.68%
UCmGyCEbHfY91NFwHgioNLMQ,JomezPro,US,1.65%
UCw6m0T0_F5DLfPzJHumplDw,HISTORIA REALNA,PL,1.62%
UCmDTrq0LNgPodDOFZiSbsww,xQc,US,1.62%
UCihzb5NozwTJIbjeFknu4Uw,Nix,,1.59%
UCaMYqnXbEvPqV7vYuwrzf5w,Лучшее с T2x2,RU,1.58%
UCI2tyx6_N5wZUCgDKhMhVRQ,Inkognito,CZ,1.57%
UC_-Q-eLQc9RJWOCFGkbj2Hg,Denis Channel,RU,1.56%
UC1zjgoomO6brXH_6FM0qCCw,TWITCHFM,RU,1.56%
UCNPUUqi4kqjeaScWtsvfyvw,Нарезки Стинта,RU,1.55%
UCCT_JGIn9I9FS6OTzzqWEew,Robert Makłowicz,PL,1.54%
UClqyNHX7ScN4F2LOLuoPipg,CrewGTW,RU,1.53%
UCk5VRlADR5XX_zdl8FXusKg,Площадка,RU,1.52%
UC21so8jLl5sqhD2o_BMzuTw,ЛЕВИ НА ДЖИПІ,UA,1.51%
UCYzO4HZxgXc2UJQD5bIo8AQ,Biffa Plays Indie Games,GB,1.47%
UCXSXl5NnGzPXnw5kPUQH7eg,Adam Śmiałek,PL,1.45%
UCRWyPm7MrfotIYF8A8MGV3g,Josh Strife Hayes,GB,1.42%
UCmj7r31WoNIPi-1dThSP_yA,DFTK,RU,1.42%
UCvSfxFYLFImHcmi9BQMwKQw,Vorobey,US,1.42%
UCbp891F6oKl7YOwi5D2IdzQ,BoshNRoll,US,1.39%
UCH6gvihy7uI6cGy83XHrFIw,Мазеллов лучшее,RU,1.38%
UCoal_hpPIPAnWlG-kWHLheA,Drawfee Show,US,1.37%
UC8zQMOJnATX3Vvjesz_k1kA,Лига Кубизма - Нарезки,GE,1.37%
UCIfI7Yo22SMKp5PraztHM6w,Kanał Sportowy,PL,1.37%
UCFan5OZNealqfrHL_FLtL_w,Лучшее с Папичем,RU,1.36%
UCDogdKl7t7NHzQ95aEwkdMw,Sidemen,GB,1.36%
UCAAe0hnNJBrU0HA4K0E9DbA,Вселенная Пятёрки,UA,1.36%
UCl6dGa8ClCYVmzOTr1PQd9A,HESUS STREAM,RU,1.35%
UCQGCNNFjgaQW7tYcqrSdUOg,FREAK FAMILY,RU,1.32%
UCEm0MAqM_Jsyq_iDvJ8H34w,Tomasz Ćwiąkała,PL,1.31%
UCSePgMI6WVzSE7rjiNj6jnA,Drake Rofls,RU,1.29%
UCwYcKni8ALmXNrzW4WAA6rw,Нарезки Пупа ⁴²,UA,1.29%
UCqwGaUvq_l0RKszeHhZ5leA,PietSmiet,DE,1.24%
UCYm3RgQi1kgarmf6DB-3k5A,GoodWIN Live,,1.24%
UC2NwDwW5hn73l0S2k1dy-ww,Bratishkin Rofls,UA,1.24%
UC9PBzalIcEQCsiIkq36PyUA,Digital Foundry,US,1.22%
UCld68syR8Wi-GY_n4CaoJGA,Brodie Robertson,AU,1.22%
UC3gr6ORNxD42GODIowJ8qxA,PARADEEVICH CHILL,RU,1.13%
UCtSP1OA6jO4quIGLae7Fb4g,Rocket Beans Gaming,DE,1.07%
UC2p47ZrM2ZdizmG4V7DATiQ,SSaSke Нарезки,UA,1.06%
UC9PO3VWOcE2DiSHUHLZs18w,VarsityGaming,CA,1.06%
UCdmauIL-k-djcct-yMrf82A,СТС,RU,1.05%
UCgZpwegd4AdDlZNrIamIgRw,BastiGHG,DE,1.04%
UCFIHrIGT0MBMRHzQtmzOWlQ,TeknoSeyir,TR,1.02%
UCkapkfGuO2LnDpIp8f_p7gA,Beyond the Brick,US,0.99%
UCd0kth9C1hqJiaoedeBZ0cQ,LegenVD,BE,0.98%
UCMfPBtm9CWGswAXohT5MFyQ,LaisvėsTV,LT,0.94%
UCrEMDvUyGV1p66Vf5P0O1pg,Cimoooooooo,US,0.94%
UCdS7OE5qbJQc7AG4SwlTzKg,Fatih Altaylı,TR,0.92%
UCK9i4hUwQEpzMi0KBxrYAzg,KuruHS,DE,0.86%
UCcZ3sRk9z6jjgfYQbMGTpig,Broughy1322,GB,0.85%
UCGC0AudzxPM6L55yb5iZOBg,Grendy,PL,0.83%
UCGRb1WmL-v6AxZRLbcdXD_Q,Fritz Meinecke - Live,DE,0.83%
UC5Pnrxqqg4BLTsfsUzWw5Pw,HVACR VIDEOS,US,0.82%
UCAJ41d46i6mcNAsvsWRc9hw,CaptainSparklez 2,,0.70%
UCG1QcV31eoSaX4rE8avQL4A,Bjørn Nyland,,0.63%
UCYd-ZaD2solhBivAqOpkYvA,CineBinge,CA,0.63%
UC4zgyunt7jjtsCjTroWdq3g,MysteryTV,PL,0.62%
UCbMJuChLfqeXCgEmmciKZxA,Real Responders,US,0.58%
UCdIp4tcWOGihEQKYxzSlFaQ,МИР НАИЗНАНКУ,GB,0.51%
UCZAZTSd0xnor7hJFmINIBIw,MTGGoldfish,,0.49%
UC1ig-JZyQoVpkOlyz9ODktg,Baalorlord,US,0.33%
UC5aVIcrd8YUcjlFeRMmJMsA,Lives do alanzoka,BR,0.25%
